OrderID,StudentID,Date,PaymentDeffered,DefferedDate,PaymentLink
1,16,2020-08-21 09:39:05,0,,https://www.paypal.com/pl/vJUAlOIcxyx
2,23,2020-07-29 13:00:35,0,,https://www.paypal.com/pl/adODqvHUsUq
3,25,2020-07-13 08:58:37,0,,https://www.paypal.com/pl/QbsAsyXXsVR
4,30,2020-08-17 02:07:10,0,,https://www.paypal.com/pl/prsFRGExeqx
5,43,2020-09-13 04:09:52,0,,https://www.paypal.com/pl/cOkZiineTzK
6,46,2020-07-04 01:47:28,0,,https://www.paypal.com/pl/oskKskETHQZ
7,57,2020-07-29 23:19:24,0,,https://www.paypal.com/pl/uymNizJFKBs
8,58,2020-08-24 04:41:54,0,,https://www.paypal.com/pl/QypXSngwPUO
9,59,2020-09-21 22:36:21,0,,https://www.paypal.com/pl/caFKaezrhQp
10,68,2020-09-20 19:01:42,0,,https://www.paypal.com/pl/YgGmxwMAeZr
11,77,2020-09-01 01:12:39,0,,https://www.paypal.com/pl/qxqXtsBqWth
12,79,2020-07-02 03:34:26,0,,https://www.paypal.com/pl/QmuwQELiWsx
13,83,2020-08-31 11:39:24,0,,https://www.paypal.com/pl/JaIHFlvYnzH
14,86,2020-08-10 23:22:49,0,,https://www.paypal.com/pl/mbIVrOzxKsW
15,101,2020-08-27 21:42:44,0,,https://www.paypal.com/pl/EFWLsqOmUnA
16,106,2020-08-28 21:49:15,0,,https://www.paypal.com/pl/UttAUeXrXlE
17,125,2020-09-14 21:09:01,0,,https://www.paypal.com/pl/ltpaQkggIcJ
18,127,2020-09-22 05:41:29,0,,https://www.paypal.com/pl/BzviOJALdGF
19,141,2020-07-06 10:37:09,0,,https://www.paypal.com/pl/WCECcGpniOC
20,155,2020-08-03 14:52:27,0,,https://www.paypal.com/pl/yrYhTwWsIOm
21,162,2020-09-06 00:05:13,0,,https://www.paypal.com/pl/aoewlitWHBr
22,173,2020-07-17 18:17:54,0,,https://www.paypal.com/pl/wYsLgMkDzUA
23,187,2020-07-04 09:15:05,0,,https://www.paypal.com/pl/CXnfLdVzOJq
24,195,2020-08-01 14:00:39,0,,https://www.paypal.com/pl/nroqrkuozJu
25,217,2020-07-15 21:16:40,0,,https://www.paypal.com/pl/uLaWMIqDtcz
26,225,2020-07-06 00:14:17,0,,https://www.paypal.com/pl/NOlyLQtAAIo
27,229,2020-08-14 08:33:43,0,,https://www.paypal.com/pl/BeENbHZFouX
28,230,2020-07-14 22:03:28,0,,https://www.paypal.com/pl/QQnCeZhGPFU
29,237,2020-08-22 06:17:47,0,,https://www.paypal.com/pl/fZMGTfWtCNP
30,242,2020-09-17 13:23:46,0,,https://www.paypal.com/pl/yCXYHmLkEdT
31,2,2020-07-12 11:47:21,0,,https://www.paypal.com/pl/OBKBNyCvfVS
32,17,2020-07-23 05:55:52,0,,https://www.paypal.com/pl/xSioBYZikkF
33,21,2020-09-24 15:18:46,0,,https://www.paypal.com/pl/DxihRIIgymY
34,33,2020-08-23 15:01:28,0,,https://www.paypal.com/pl/wJOQqHlkDqC
35,47,2020-09-18 20:28:32,0,,https://www.paypal.com/pl/rrTFhlwgUXE
36,52,2020-08-25 11:34:26,0,,https://www.paypal.com/pl/sBKfIpCPtSF
37,53,2020-08-25 04:49:34,0,,https://www.paypal.com/pl/VeHzxmflBBA
38,73,2020-08-22 17:00:08,0,,https://www.paypal.com/pl/igEbshBgmbb
39,78,2020-08-02 22:49:17,0,,https://www.paypal.com/pl/pCDsvcLQfLs
40,116,2020-08-02 18:30:45,0,,https://www.paypal.com/pl/HBKOyUWCjiO
41,122,2020-09-16 18:30:05,0,,https://www.paypal.com/pl/NbNaFHlzuNr
42,123,2020-08-04 16:02:45,0,,https://www.paypal.com/pl/XpndNLSWLWF
43,139,2020-07-05 20:34:13,0,,https://www.paypal.com/pl/znnAbYBrndn
44,156,2020-09-10 04:16:05,0,,https://www.paypal.com/pl/oIXbPFwmvsH
45,159,2020-08-21 02:57:52,0,,https://www.paypal.com/pl/wbRRqoeZXdS
46,164,2020-07-17 23:36:51,0,,https://www.paypal.com/pl/QOrxmONuSGJ
47,174,2020-07-03 10:23:51,0,,https://www.paypal.com/pl/QREBvcIeEZf
48,177,2020-08-11 12:20:18,0,,https://www.paypal.com/pl/TsdLcRAMQur
49,193,2020-08-29 09:35:06,0,,https://www.paypal.com/pl/WWuNqoxsXjc
50,201,2020-09-27 04:36:41,0,,https://www.paypal.com/pl/cNkJAyXgBYg
51,213,2020-07-28 01:44:46,0,,https://www.paypal.com/pl/HaKPhSCCXIg
52,216,2020-07-14 04:41:29,0,,https://www.paypal.com/pl/MwHuSnFKXmY
53,239,2020-08-20 23:54:33,0,,https://www.paypal.com/pl/WoMKszkzhSk
54,240,2020-07-06 15:02:19,0,,https://www.paypal.com/pl/SoBRhnuIEnI
55,241,2020-09-05 16:31:52,0,,https://www.paypal.com/pl/FIBcHnABzcI
56,251,2020-08-26 20:15:17,0,,https://www.paypal.com/pl/iYaQEHqSXbY
57,260,2020-07-10 05:25:36,0,,https://www.paypal.com/pl/zfwCNwHZqAn
58,272,2020-07-25 14:17:33,0,,https://www.paypal.com/pl/NgAbTTpuzwS
59,286,2020-07-19 14:05:08,0,,https://www.paypal.com/pl/ViXcIzsQJxE
60,288,2020-07-05 12:45:30,0,,https://www.paypal.com/pl/rAEkpWiyXrZ
61,243,2023-08-07 20:34:05,0,,https://www.paypal.com/pl/nVTsaqrQWmi
62,244,2023-09-02 23:54:23,0,,https://www.paypal.com/pl/ayMlagnbkSY
63,253,2023-08-21 18:36:15,0,,https://www.paypal.com/pl/EaCSIyPjPrn
64,255,2023-09-14 18:36:16,0,,https://www.paypal.com/pl/vjIpiACyWsN
65,275,2023-07-16 03:37:44,0,,https://www.paypal.com/pl/UYDVVpmnrjk
66,276,2023-08-27 13:44:16,0,,https://www.paypal.com/pl/jsfqTtLQust
67,280,2023-07-17 06:51:48,0,,https://www.paypal.com/pl/bLqgBKVHZWd
68,282,2023-07-24 16:06:57,0,,https://www.paypal.com/pl/MfXPEYFjdZS
69,290,2023-09-19 11:38:53,0,,https://www.paypal.com/pl/jvuYCFNofnZ
70,297,2023-08-05 22:42:46,0,,https://www.paypal.com/pl/ttqxgiUmvEW
71,303,2023-07-07 20:58:32,0,,https://www.paypal.com/pl/YWAcUmzAEFq
72,309,2023-08-19 18:52:15,0,,https://www.paypal.com/pl/DrVhfLDvaZR
73,313,2023-09-03 21:44:35,0,,https://www.paypal.com/pl/UyVdqNzpwAL
74,331,2023-08-06 04:43:53,0,,https://www.paypal.com/pl/PPChdlaQeQR
75,332,2023-08-22 02:49:07,0,,https://www.paypal.com/pl/dDaOnNndana
76,339,2023-09-09 10:10:48,0,,https://www.paypal.com/pl/jwDmTiYWfZZ
77,377,2023-07-08 23:13:15,0,,https://www.paypal.com/pl/xcyLjKKjuZU
78,382,2023-09-02 15:25:03,0,,https://www.paypal.com/pl/hXmCAGvuMtp
79,397,2023-07-23 11:01:31,0,,https://www.paypal.com/pl/sAcPNpNqTHH
80,411,2023-07-22 22:49:22,0,,https://www.paypal.com/pl/YlgGYecraHk
81,413,2024-08-19 01:02:02,0,,https://www.paypal.com/pl/cpDqIVMuqJF
82,424,2024-07-14 10:11:42,0,,https://www.paypal.com/pl/iWlyPcWelkE
83,431,2024-07-15 01:12:46,0,,https://www.paypal.com/pl/BzVLXSLZjcx
84,434,2024-09-08 15:23:37,0,,https://www.paypal.com/pl/RblokpfYRuy
85,439,2024-08-07 22:06:46,0,,https://www.paypal.com/pl/fAcHyztDzeO
86,481,2024-08-25 17:41:43,0,,https://www.paypal.com/pl/FburCPRCPYc
87,491,2024-08-16 13:27:56,0,,https://www.paypal.com/pl/qVkcywvyDzQ
88,493,2024-07-07 16:49:48,0,,https://www.paypal.com/pl/KCeLRGWfBFH
89,503,2024-07-30 08:09:00,0,,https://www.paypal.com/pl/aggvlAdSOhq
90,508,2024-08-02 06:36:20,0,,https://www.paypal.com/pl/XruhVUItDHm
91,510,2024-09-14 17:02:02,0,,https://www.paypal.com/pl/QWbQntVxkGo
92,515,2024-09-07 10:35:49,0,,https://www.paypal.com/pl/kxNheWmLEvz
93,520,2024-08-01 05:07:15,0,,https://www.paypal.com/pl/CwnVokLIXPL
94,548,2024-08-10 04:23:18,0,,https://www.paypal.com/pl/LazbDvsDLDf
95,549,2024-08-31 07:49:59,0,,https://www.paypal.com/pl/ORujIEEwguZ
96,551,2024-08-13 16:10:40,0,,https://www.paypal.com/pl/cDEpEhOIvoP
97,557,2024-09-27 15:58:48,0,,https://www.paypal.com/pl/WDvlYNpKgYc
98,562,2024-09-22 19:54:57,0,,https://www.paypal.com/pl/AjSpuXIlTxe
99,568,2024-09-20 09:09:01,0,,https://www.paypal.com/pl/qtZYxSGBTnr
100,574,2024-09-01 01:27:11,0,,https://www.paypal.com/pl/OrqAXtpdXGQ
101,576,2024-09-27 19:11:41,0,,https://www.paypal.com/pl/uQtOwZZHOLF
102,590,2024-07-24 18:09:34,0,,https://www.paypal.com/pl/SWMIejlBoKh
103,592,2024-09-23 12:57:07,0,,https://www.paypal.com/pl/LnoJhxXsDpE
104,616,2024-08-27 19:34:17,0,,https://www.paypal.com/pl/fanhuHGNrZB
105,618,2024-07-15 04:36:39,0,,https://www.paypal.com/pl/knwDEalfZGo
106,624,2024-09-15 20:24:16,0,,https://www.paypal.com/pl/AdMUmNbMVVN
107,638,2024-08-19 01:35:35,0,,https://www.paypal.com/pl/eoTvQLuvmUh
108,639,2024-08-17 23:49:33,0,,https://www.paypal.com/pl/frcFJTMouyt
109,640,2024-09-07 16:12:04,0,,https://www.paypal.com/pl/kFAFJGapHrd
110,645,2024-09-24 15:49:26,0,,https://www.paypal.com/pl/bIhPVxsWUfC
111,289,2024-07-20 03:02:20,0,,https://www.paypal.com/pl/iitVxKTVGiH
112,291,2024-07-26 02:56:16,0,,https://www.paypal.com/pl/DuGYoSXQaMw
113,326,2024-08-28 03:53:08,0,,https://www.paypal.com/pl/cNqilkiLHOu
114,343,2024-09-11 18:36:44,0,,https://www.paypal.com/pl/zmuUCUNkTmW
115,351,2024-08-01 12:24:09,0,,https://www.paypal.com/pl/jNoiBytHqKg
116,371,2024-08-02 14:48:34,0,,https://www.paypal.com/pl/UvJbkGeNbwC
117,404,2024-08-23 13:12:17,0,,https://www.paypal.com/pl/PCKjbabKKJu
118,417,2024-08-11 22:11:54,0,,https://www.paypal.com/pl/jhqYzdnEEdh
119,441,2024-08-23 19:57:43,0,,https://www.paypal.com/pl/wBVgJgKmlRU
120,448,2024-07-03 04:09:37,0,,https://www.paypal.com/pl/GgGiibObpJO
121,460,2024-07-24 03:58:05,0,,https://www.paypal.com/pl/gyZLAcGpIxs
122,463,2024-08-19 19:50:50,0,,https://www.paypal.com/pl/WGQqZSXRCos
123,496,2024-08-02 14:59:56,0,,https://www.paypal.com/pl/cOrwAObwZCY
124,497,2024-07-23 22:21:28,0,,https://www.paypal.com/pl/HcVLMxhwuXN
125,521,2024-08-16 11:16:33,0,,https://www.paypal.com/pl/PqwbcZBnWIu
126,597,2024-07-03 15:15:28,0,,https://www.paypal.com/pl/BMqxHpWjYhv
127,606,2024-08-13 20:19:15,0,,https://www.paypal.com/pl/iYTrTOsnpnR
128,608,2024-07-17 13:05:37,0,,https://www.paypal.com/pl/eYevmKdwNSl
129,622,2024-09-11 08:07:37,0,,https://www.paypal.com/pl/IvCneoTyDnP
130,646,2024-08-20 11:08:58,0,,https://www.paypal.com/pl/kUTNHObjjLm
131,648,2024-07-09 13:23:43,0,,https://www.paypal.com/pl/TjXygWIEluP
132,659,2024-08-09 17:17:57,0,,https://www.paypal.com/pl/vNvlKPRCHaw
133,674,2024-07-22 14:34:12,0,,https://www.paypal.com/pl/RZDYbXiEYPH
134,680,2024-08-04 22:39:24,0,,https://www.paypal.com/pl/fZzvfPKCFyB
135,681,2024-09-20 01:04:40,0,,https://www.paypal.com/pl/FTfxjjAwMTL
136,683,2024-07-20 18:55:05,0,,https://www.paypal.com/pl/zwkvWslWtXa
137,690,2024-07-19 20:04:32,0,,https://www.paypal.com/pl/eOASNXgGIsS
138,696,2024-07-20 21:54:38,0,,https://www.paypal.com/pl/gVnbLmiqSNl
139,702,2024-08-29 03:57:38,0,,https://www.paypal.com/pl/uFSJPasUXOz
140,706,2024-07-16 12:38:54,0,,https://www.paypal.com/pl/hGveKkpPjVF
141,9,2023-07-15 08:47:13,0,,https://www.paypal.com/pl/mnaylkXFJcv
142,12,2023-07-03 21:37:29,0,,https://www.paypal.com/pl/WZMRDtgFiTX
143,26,2023-08-29 11:44:49,0,,https://www.paypal.com/pl/CoeTCFDYhAH
144,27,2023-09-02 03:55:36,0,,https://www.paypal.com/pl/zAYDqhdPAWc
145,31,2023-07-24 14:30:19,0,,https://www.paypal.com/pl/uLiEDcUpkBy
146,36,2023-07-23 13:12:39,0,,https://www.paypal.com/pl/kihhcCAsZUh
147,37,2023-09-11 07:03:06,0,,https://www.paypal.com/pl/izxofHpBmuJ
148,39,2023-09-22 12:58:44,0,,https://www.paypal.com/pl/imllLscSbdI
149,44,2023-08-10 21:14:27,0,,https://www.paypal.com/pl/ZLCTzvIGXmC
150,67,2023-08-21 17:44:48,0,,https://www.paypal.com/pl/EPzgeAOQSKa
151,90,2023-09-06 02:28:05,0,,https://www.paypal.com/pl/klAdRLPaXyd
152,92,2023-08-17 00:25:55,0,,https://www.paypal.com/pl/rTfOflkmjil
153,105,2023-08-15 09:16:57,0,,https://www.paypal.com/pl/WcTsuHYDdrK
154,108,2023-09-23 19:54:56,0,,https://www.paypal.com/pl/eQRxDnhnmOf
155,114,2023-09-21 09:15:33,0,,https://www.paypal.com/pl/AWkfxlRjewZ
156,130,2023-08-27 03:54:12,0,,https://www.paypal.com/pl/PkngRziSLVk
157,142,2023-08-03 06:22:56,0,,https://www.paypal.com/pl/vFzueDpifkn
158,144,2023-06-30 02:25:48,0,,https://www.paypal.com/pl/FnaemFclkGv
159,163,2023-08-03 00:10:47,0,,https://www.paypal.com/pl/kufYRDAxzJa
160,171,2023-08-21 23:04:57,0,,https://www.paypal.com/pl/EoXikmpGIep
161,179,2023-08-14 06:49:20,0,,https://www.paypal.com/pl/yquxFNuyZCE
162,180,2023-08-19 17:55:16,0,,https://www.paypal.com/pl/mKelVYmjOJg
163,189,2023-07-28 01:18:15,0,,https://www.paypal.com/pl/unBWVVsLhTA
164,197,2023-07-30 00:13:29,0,,https://www.paypal.com/pl/AAhpkrJTyOQ
165,222,2023-09-18 07:05:24,0,,https://www.paypal.com/pl/lCaGcpdYXHK
166,223,2023-08-16 16:43:58,0,,https://www.paypal.com/pl/SAKepbPJBFp
167,227,2023-07-31 19:17:07,0,,https://www.paypal.com/pl/HMMdMchlErP
168,232,2023-07-02 20:40:54,0,,https://www.paypal.com/pl/UCzSbkthENh
169,234,2023-07-14 03:05:56,0,,https://www.paypal.com/pl/SJaNVHQNijM
170,258,2023-09-03 10:05:20,0,,https://www.paypal.com/pl/xNxPCqiHeEX
171,6,2024-08-30 01:08:26,0,,https://www.paypal.com/pl/xtTwHEIApLm
172,7,2024-08-31 16:45:45,0,,https://www.paypal.com/pl/zjKoSDmzkmU
173,10,2024-07-20 21:04:10,0,,https://www.paypal.com/pl/eIUZjtherir
174,60,2024-09-22 19:57:46,0,,https://www.paypal.com/pl/TlDkEeGbZbv
175,64,2024-07-10 04:50:37,0,,https://www.paypal.com/pl/hDWNzShstOk
176,69,2024-08-30 12:24:53,0,,https://www.paypal.com/pl/JFZnvdHklua
177,100,2024-07-04 04:41:18,0,,https://www.paypal.com/pl/XsLJDIPwJTz
178,107,2024-08-21 21:23:53,0,,https://www.paypal.com/pl/dZMFKwOKZaG
179,111,2024-07-11 04:23:53,0,,https://www.paypal.com/pl/nEoashAtbjj
180,132,2024-09-26 06:38:24,0,,https://www.paypal.com/pl/ZLObcZhrQFU
181,151,2024-07-30 23:41:20,0,,https://www.paypal.com/pl/cTvLJKChuak
182,169,2024-09-22 23:31:59,0,,https://www.paypal.com/pl/FYDJmuisOiw
183,191,2024-08-13 11:19:46,0,,https://www.paypal.com/pl/aoujBbJQhYF
184,196,2024-07-08 02:29:10,0,,https://www.paypal.com/pl/zegwTNtZFgZ
185,198,2024-07-07 18:32:29,0,,https://www.paypal.com/pl/vitaiPOoChv
186,204,2024-09-10 21:52:45,0,,https://www.paypal.com/pl/LHOCgZzaWjw
187,209,2024-07-27 18:11:02,0,,https://www.paypal.com/pl/UEqNKOKavgt
188,254,2024-07-14 03:44:47,0,,https://www.paypal.com/pl/QnnjBMqqSAz
189,259,2024-07-24 05:41:10,0,,https://www.paypal.com/pl/PvcmYhEHoYH
190,301,2024-09-27 14:37:29,0,,https://www.paypal.com/pl/hpQLpOcpGYo
191,308,2024-08-18 05:50:54,0,,https://www.paypal.com/pl/GIHkXbWGcCc
192,310,2024-07-25 04:51:38,0,,https://www.paypal.com/pl/VTplKQxdeJP
193,329,2024-09-12 07:29:01,0,,https://www.paypal.com/pl/nZFgqWOsixC
194,330,2024-08-23 09:55:31,0,,https://www.paypal.com/pl/kHcBNvqqIKp
195,337,2024-08-24 02:16:37,0,,https://www.paypal.com/pl/MFphXiPYnlW
196,359,2024-07-10 20:21:59,0,,https://www.paypal.com/pl/ERcOBeDyufB
197,379,2024-08-03 22:52:22,0,,https://www.paypal.com/pl/oLenyvqqHWe
198,385,2024-09-18 08:57:38,0,,https://www.paypal.com/pl/yPoAEQPRHvB
199,386,2024-09-01 22:55:46,0,,https://www.paypal.com/pl/kedXEbBKzKv
200,389,2024-08-08 20:23:58,0,,https://www.paypal.com/pl/VTpCOcXvKOD
201,870,2020-08-28 16:46:22,0,,https://www.paypal.com/pl/rMxZpqpOshG
202,882,2020-08-31 06:22:32,0,,https://www.paypal.com/pl/aorfLGFAPab
203,917,2020-08-10 16:42:37,0,,https://www.paypal.com/pl/vtXysrswMDg
204,749,2020-09-05 08:39:24,0,,https://www.paypal.com/pl/wjbXFVxXhNY
205,827,2020-11-03 10:52:13,0,,https://www.paypal.com/pl/dGPltasxeXU
206,711,2020-08-26 20:28:52,0,,https://www.paypal.com/pl/wzbQPdBYkmT
207,785,2020-11-16 16:34:06,0,,https://www.paypal.com/pl/PPwmVqAWBiL
208,907,2020-10-07 05:33:35,0,,https://www.paypal.com/pl/wrdCJCiiaPx
209,1029,2020-09-21 18:51:09,0,,https://www.paypal.com/pl/uKEGPUJUuSw
210,796,2020-12-01 22:33:37,0,,https://www.paypal.com/pl/wvRuKhyjaWK
211,1060,2020-12-08 05:01:22,0,,https://www.paypal.com/pl/AwRtlbkChZa
212,1083,2020-07-28 13:16:24,0,,https://www.paypal.com/pl/YhExDgQGEMs
213,1077,2020-10-14 12:05:24,0,,https://www.paypal.com/pl/ebDYWmeodQs
214,923,2021-02-17 05:20:53,0,,https://www.paypal.com/pl/umqknnOhmtD
215,1082,2021-01-22 03:45:51,0,,https://www.paypal.com/pl/PxldwAVjKms
216,727,2021-01-04 19:10:29,0,,https://www.paypal.com/pl/yaQmbHhrPfN
217,990,2021-01-25 10:19:38,0,,https://www.paypal.com/pl/rcnxHhZYHVA
218,745,2021-03-02 07:54:50,0,,https://www.paypal.com/pl/zpPyWSJKYZI
219,1100,2021-02-17 01:17:51,0,,https://www.paypal.com/pl/GxLmkSsnFyF
220,1073,2021-03-22 13:35:51,0,,https://www.paypal.com/pl/WLfeHBTsAfE
221,669,2021-02-27 16:49:02,0,,https://www.paypal.com/pl/nTjPkSeUfWq
222,1003,2021-02-25 13:02:13,0,,https://www.paypal.com/pl/KUnEfLbviNo
223,1067,2021-03-07 05:57:53,0,,https://www.paypal.com/pl/tpwpSQogXxd
224,896,2021-01-17 08:26:49,0,,https://www.paypal.com/pl/mMxAZCaRzyZ
225,976,2021-03-11 06:10:22,0,,https://www.paypal.com/pl/IcBtmkJYLGs
226,660,2021-08-04 17:46:12,0,,https://www.paypal.com/pl/yVtloCtKqNX
227,1033,2021-10-04 07:44:50,0,,https://www.paypal.com/pl/AOcYBzVScRv
228,1046,2022-02-17 18:15:26,0,,https://www.paypal.com/pl/ufbYfOUQlyy
229,1026,2022-03-14 02:41:04,0,,https://www.paypal.com/pl/jczojvXaKKY
230,774,2022-04-03 18:54:50,0,,https://www.paypal.com/pl/yLmNyXwRpSU
231,853,2022-03-21 21:29:27,0,,https://www.paypal.com/pl/BIJWRPebYVy
232,757,2022-04-01 12:38:34,0,,https://www.paypal.com/pl/godKnWhYhIv
233,675,2022-02-11 11:22:21,0,,https://www.paypal.com/pl/GaLymAaoOmf
234,691,2022-05-11 21:31:39,0,,https://www.paypal.com/pl/CtyMkvxGReI
235,1024,2022-03-11 19:10:09,0,,https://www.paypal.com/pl/EfQOjWhCxps
236,1036,2022-05-12 19:46:51,0,,https://www.paypal.com/pl/sFmlpiBcRqN
237,684,2022-01-31 23:27:22,0,,https://www.paypal.com/pl/rBxOGJWWebz
238,842,2022-03-01 20:34:19,0,,https://www.paypal.com/pl/vQAUcXWePlB
239,778,2021-12-04 05:53:37,0,,https://www.paypal.com/pl/LAIhlWhzVRA
240,1080,2022-03-24 10:40:42,0,,https://www.paypal.com/pl/KHhKijFDzOl
241,794,2022-05-15 03:53:14,0,,https://www.paypal.com/pl/qDNOOMVdDBD
242,795,2022-05-21 16:23:21,0,,https://www.paypal.com/pl/ltfIphVxWnz
243,937,2022-03-29 14:40:27,0,,https://www.paypal.com/pl/cNouZICsSaW
244,814,2022-09-10 22:35:00,0,,https://www.paypal.com/pl/vCbjFoALIhx
245,838,2022-08-17 12:35:58,0,,https://www.paypal.com/pl/qaRnocbeRLP
246,1027,2022-09-15 11:55:23,0,,https://www.paypal.com/pl/OrIXRhVdUhz
247,1063,2022-11-07 12:19:48,0,,https://www.paypal.com/pl/tRTbjAyYuoE
248,885,2023-02-24 15:09:24,0,,https://www.paypal.com/pl/qwygCwAvJwv
249,1084,2022-12-24 04:33:08,0,,https://www.paypal.com/pl/sjQkqOKFaol
250,1064,2023-06-26 14:14:58,0,,https://www.paypal.com/pl/HeZzqKzgjBz
251,969,2023-03-27 18:48:18,0,,https://www.paypal.com/pl/JdzOuahQgXK
252,995,2023-02-13 20:45:12,0,,https://www.paypal.com/pl/oszSrHyuxPq
253,748,2023-04-20 15:14:53,0,,https://www.paypal.com/pl/EgfKYGKrCZT
254,669,2023-04-16 03:41:40,0,,https://www.paypal.com/pl/yLtSXsXkEst
255,715,2020-09-17 15:30:18,0,,https://www.paypal.com/pl/tdLxqjonEiz
256,1043,2020-10-28 13:15:02,0,,https://www.paypal.com/pl/xrSvsfnCyDU
257,868,2020-12-19 21:00:04,0,,https://www.paypal.com/pl/XcbZVGEIyxu
258,981,2020-11-02 18:27:32,0,,https://www.paypal.com/pl/ZFTTiORATKu
259,1059,2021-01-04 00:36:07,0,,https://www.paypal.com/pl/mJGJkaQffVb
260,1002,2020-09-13 17:36:49,0,,https://www.paypal.com/pl/rXgnGOYtnaD
261,1093,2020-09-14 01:44:32,0,,https://www.paypal.com/pl/IICYqUlrVlV
262,935,2020-10-30 03:55:24,0,,https://www.paypal.com/pl/UKtQlgpkgBz
263,1052,2020-12-04 01:41:55,0,,https://www.paypal.com/pl/ecHHibWvxUL
264,1037,2021-04-14 08:48:33,0,,https://www.paypal.com/pl/EdQsOWlyZIh
265,1000,2021-04-15 09:27:11,0,,https://www.paypal.com/pl/gZgoCrsJVuO
266,722,2021-01-09 14:54:37,0,,https://www.paypal.com/pl/GrpdQYfTNwY
267,747,2021-01-25 02:00:46,0,,https://www.paypal.com/pl/NjblStfcjqM
268,1022,2021-01-05 20:44:39,0,,https://www.paypal.com/pl/lRFFjzVmHrV
269,919,2021-03-16 14:15:33,0,,https://www.paypal.com/pl/evqkQCHUhSy
270,890,2021-02-09 11:43:03,0,,https://www.paypal.com/pl/GLkzvlmhhZO
271,855,2021-03-29 23:21:25,0,,https://www.paypal.com/pl/nzjazbsWuKw
272,893,2020-12-21 09:16:29,0,,https://www.paypal.com/pl/flPypPjHxTt
273,965,2020-12-22 09:12:50,0,,https://www.paypal.com/pl/UyNIMDWtYMc
274,800,2021-05-11 08:57:55,0,,https://www.paypal.com/pl/cBQyMSOcpFL
275,889,2021-04-19 07:41:31,0,,https://www.paypal.com/pl/mazGoAtMzZH
276,915,2021-05-21 11:56:56,0,,https://www.paypal.com/pl/NebpIOkNZIP
277,1057,2021-04-10 04:05:26,0,,https://www.paypal.com/pl/hyCXFsEonUq
278,997,2021-05-29 19:21:29,0,,https://www.paypal.com/pl/uiuBYEPSHpZ
279,1031,2021-05-22 23:42:08,0,,https://www.paypal.com/pl/ubUiEBRsMoK
280,1048,2021-05-15 07:42:39,0,,https://www.paypal.com/pl/pXVAdXeslmI
281,879,2021-11-07 00:54:41,0,,https://www.paypal.com/pl/vaolSTKfcfH
282,880,2021-09-16 04:45:08,0,,https://www.paypal.com/pl/RqopRgTYuLq
283,718,2021-09-24 14:33:15,0,,https://www.paypal.com/pl/nqFyBZpyyzb
284,1076,2022-02-14 03:39:16,0,,https://www.paypal.com/pl/GvOAvXlOGiZ
285,769,2022-01-18 15:15:22,0,,https://www.paypal.com/pl/FnigfPnExiX
286,1098,2022-01-20 15:16:50,0,,https://www.paypal.com/pl/tbKnpWZmrVr
287,773,2021-12-19 18:24:17,0,,https://www.paypal.com/pl/tgcSCZkjOsc
288,897,2022-02-18 16:09:50,0,,https://www.paypal.com/pl/teJLqlxvSqc
289,1045,2022-02-05 14:39:18,0,,https://www.paypal.com/pl/CzWyiKoTdUe
290,742,2022-11-15 07:03:14,0,,https://www.paypal.com/pl/SiedtikawTf
291,830,2022-12-05 00:03:43,0,,https://www.paypal.com/pl/sQZrtAJDccS
292,1070,2022-10-14 23:56:18,0,,https://www.paypal.com/pl/SbnSxVhYZKe
293,1079,2022-11-03 22:09:28,0,,https://www.paypal.com/pl/DkuXomZFSgB
294,787,2022-09-25 12:33:02,0,,https://www.paypal.com/pl/AghJtNLZdkv
295,893,2022-09-05 11:05:36,0,,https://www.paypal.com/pl/HBhtjjebSWB
296,855,2022-11-04 19:02:20,0,,https://www.paypal.com/pl/sMJzvWVoUrZ
297,1048,2023-03-16 12:11:00,0,,https://www.paypal.com/pl/wRRWFqdknOp
298,787,2023-03-06 00:49:11,0,,https://www.paypal.com/pl/VoKsjtbGvGl
299,879,2023-03-01 20:20:45,0,,https://www.paypal.com/pl/BaMHLTKpZHa
300,880,2023-02-13 22:52:31,0,,https://www.paypal.com/pl/CeyNrisVTBX
301,1076,2023-03-17 09:56:00,0,,https://www.paypal.com/pl/NPbvdbVZCnb
302,814,2023-11-08 04:49:18,0,,https://www.paypal.com/pl/uiGMvlZAOrb
303,711,2023-11-11 08:13:01,0,,https://www.paypal.com/pl/XWibzXwEeeV
304,917,2023-11-06 17:41:47,0,,https://www.paypal.com/pl/THwmhNqIufm
305,923,2023-11-01 10:21:21,0,,https://www.paypal.com/pl/TAeGVEViirj
306,990,2023-12-05 06:16:53,0,,https://www.paypal.com/pl/OSJGjLfcKvA
307,1073,2023-11-17 03:56:25,0,,https://www.paypal.com/pl/sINjpbYTfhw
308,660,2023-07-27 04:32:50,0,,https://www.paypal.com/pl/gepLIoJlFJJ
309,691,2023-07-25 17:22:44,0,,https://www.paypal.com/pl/CjCeZYOZiMA
310,1046,2023-08-01 04:11:57,0,,https://www.paypal.com/pl/eLLMqOUtrri
311,882,2023-07-28 00:17:28,0,,https://www.paypal.com/pl/CqhUGnaugvg
312,795,2023-10-14 21:52:15,0,,https://www.paypal.com/pl/WvXDFRDNDTF
313,995,2023-12-24 00:36:25,0,,https://www.paypal.com/pl/fSdATTuaKSe
314,684,2023-08-15 21:21:51,0,,https://www.paypal.com/pl/fBoETxrphsg
315,842,2023-08-24 22:05:45,0,,https://www.paypal.com/pl/txwtPVDYRca
316,1003,2023-09-17 10:06:19,0,,https://www.paypal.com/pl/tOvXJbNudTQ
317,853,2023-10-12 00:28:53,0,,https://www.paypal.com/pl/aJgsAUcHrRw
318,757,2023-09-22 06:42:47,0,,https://www.paypal.com/pl/NPmsuLqHeLE
319,976,2023-09-08 21:33:01,0,,https://www.paypal.com/pl/XYDqFVbNFWX
320,1029,2023-12-07 05:19:58,0,,https://www.paypal.com/pl/oZNPWWwtChH
321,1033,2023-12-06 20:18:24,0,,https://www.paypal.com/pl/WZqSyfDwuOv
322,1082,2023-11-20 23:15:50,0,,https://www.paypal.com/pl/rqbunjcJVOz
323,774,2023-10-01 04:54:52,0,,https://www.paypal.com/pl/wKBgBEYtdJP
324,937,2023-09-16 19:17:05,0,,https://www.paypal.com/pl/jIDVCoJkxgo
325,669,2023-10-16 11:04:17,0,,https://www.paypal.com/pl/ePcySlMndml
326,838,2023-12-24 10:50:39,0,,https://www.paypal.com/pl/gDoWsFMBgkf
327,870,2024-02-26 17:00:59,0,,https://www.paypal.com/pl/hknSEXjjtzl
328,1064,2023-12-19 01:43:44,0,,https://www.paypal.com/pl/olQpLcJTCXl
329,1077,2024-02-15 20:33:01,0,,https://www.paypal.com/pl/AsPBYiHBfBJ
330,675,2024-03-01 03:37:00,0,,https://www.paypal.com/pl/TkEyrDJLuTX
331,785,2024-03-04 18:20:10,0,,https://www.paypal.com/pl/YNVgokvWHIk
332,896,2024-04-15 12:30:38,0,,https://www.paypal.com/pl/laBvigjRNqz
333,1080,2024-01-29 08:52:49,0,,https://www.paypal.com/pl/vWWXidVzDUJ
334,1100,2024-03-02 03:36:25,0,,https://www.paypal.com/pl/hICjNdrHFne
335,778,2024-05-03 07:17:55,0,,https://www.paypal.com/pl/QVvrzKRqhLp
336,1060,2024-03-27 07:37:00,0,,https://www.paypal.com/pl/iFxdYgmDRyf
337,1084,2024-04-24 06:12:50,0,,https://www.paypal.com/pl/xdLfzzAQyzs
338,796,2024-04-28 01:45:03,0,,https://www.paypal.com/pl/fcBKgoNPoip
339,1027,2024-02-04 17:36:01,0,,https://www.paypal.com/pl/skEVSgLqdep
340,727,2024-03-06 08:46:28,0,,https://www.paypal.com/pl/ZFcOqhAMpgE
341,745,2024-01-23 15:21:36,0,,https://www.paypal.com/pl/ROKwJnKCdDW
342,749,2024-01-09 08:32:24,0,,https://www.paypal.com/pl/uxerLsUtgGu
343,1067,2024-01-03 17:53:36,0,,https://www.paypal.com/pl/GqtNCmHjgzK
344,1083,2024-01-26 00:35:12,0,,https://www.paypal.com/pl/JYsrdqbvBdq
345,748,2024-04-05 19:25:22,0,,https://www.paypal.com/pl/wGRojWqJEBb
346,907,2024-04-08 11:52:57,0,,https://www.paypal.com/pl/grPWSgwIiPu
347,1036,2024-04-19 04:09:20,0,,https://www.paypal.com/pl/VNBktsdEByk
348,827,2024-04-07 10:17:47,0,,https://www.paypal.com/pl/fpxXtclbkct
349,885,2024-04-05 11:24:01,0,,https://www.paypal.com/pl/PgagyxHjUOX
350,794,2024-02-25 11:30:26,0,,https://www.paypal.com/pl/uFLXfyrTzKL
351,1026,2023-12-04 06:48:31,0,,https://www.paypal.com/pl/SoXWtLAeglT
352,1063,2023-12-16 06:16:12,0,,https://www.paypal.com/pl/KWXntjVSCoD
353,969,2024-04-16 11:32:09,0,,https://www.paypal.com/pl/JcdSZnKUwvD
354,1024,2024-02-13 07:05:54,0,,https://www.paypal.com/pl/rhqwXMUbqcO
355,785,2024-09-08 05:04:08,0,,https://www.paypal.com/pl/sOKEDepEnpV
356,827,2024-08-05 02:30:16,0,,https://www.paypal.com/pl/uSaISQBmckl
357,870,2024-09-11 17:07:18,0,,https://www.paypal.com/pl/bknGtKJMQmR
358,1026,2024-08-07 14:14:18,0,,https://www.paypal.com/pl/sMFCqCSNkWa
359,745,2024-09-20 18:59:06,0,,https://www.paypal.com/pl/BtfnBpVEMSv
360,838,2024-09-09 01:36:28,0,,https://www.paypal.com/pl/KXAhKmFFGuZ
361,1067,2024-09-02 21:41:28,0,,https://www.paypal.com/pl/tZdlayFHyQI
362,1073,2024-09-12 07:22:58,0,,https://www.paypal.com/pl/IwsVlrhZAbI
363,896,2024-10-08 07:27:21,0,,https://www.paypal.com/pl/dEeyeyxBNSS
364,1064,2024-09-23 08:42:16,0,,https://www.paypal.com/pl/lLSUbprswSY
365,684,2024-09-24 14:20:08,0,,https://www.paypal.com/pl/kFHSkNPmHIW
366,711,2024-11-15 08:11:51,0,,https://www.paypal.com/pl/IVyzfAXqsVV
367,794,2024-10-14 07:15:03,0,,https://www.paypal.com/pl/KBvqWgIkeyi
368,778,2024-10-10 18:29:23,0,,https://www.paypal.com/pl/qibXUBervIs
369,917,2024-08-19 09:58:59,0,,https://www.paypal.com/pl/FFJoBpBuKMz
370,990,2024-10-26 09:44:40,0,,https://www.paypal.com/pl/efsAEXlbHFq
371,1083,2024-08-18 21:32:10,0,,https://www.paypal.com/pl/MSpWAxUhRZY
372,1033,2024-10-31 20:18:26,0,,https://www.paypal.com/pl/lBkXXZRxgxv
373,796,2024-09-18 22:17:49,0,,https://www.paypal.com/pl/EVcQVLfcDCU
374,1027,2024-10-01 01:46:18,0,,https://www.paypal.com/pl/esAMbaaJgqv
375,757,2024-08-09 18:18:03,0,,https://www.paypal.com/pl/mJFsBsQTykF
376,669,2024-11-19 20:07:00,0,,https://www.paypal.com/pl/guXxYHoYUov
377,749,2024-11-14 20:12:39,0,,https://www.paypal.com/pl/HToGFUrsxvY
378,774,2024-11-27 21:14:28,0,,https://www.paypal.com/pl/IbkExHfmJtF
379,842,2024-11-03 05:23:32,0,,https://www.paypal.com/pl/vNxDrXETmil
380,1024,2024-08-09 02:45:13,0,,https://www.paypal.com/pl/IGwHgpJIFXj
381,1060,2024-11-02 07:47:39,0,,https://www.paypal.com/pl/IpXtbChmfmQ
382,1046,2024-12-06 18:37:32,0,,https://www.paypal.com/pl/BWxzedBZrkg
383,675,2024-11-17 06:34:47,0,,https://www.paypal.com/pl/GhZigtPfjTO
384,722,2024-07-23 10:59:34,0,,https://www.paypal.com/pl/PPHWWxMvYNs
385,935,2024-10-19 15:22:05,0,,https://www.paypal.com/pl/kqfrGHjyDXy
386,890,2024-09-30 02:06:31,0,,https://www.paypal.com/pl/rsmbKXhZGNJ
387,919,2024-11-08 20:43:06,0,,https://www.paypal.com/pl/AxAiAnrhkTw
388,1048,2024-12-12 10:39:55,0,,https://www.paypal.com/pl/bPVPFEfTQQI
389,566,2024-08-30 17:42:37,0,,https://www.paypal.com/pl/soHzqIjOqHn
390,626,2024-08-21 01:23:06,0,,https://www.paypal.com/pl/YploZqxligI
391,637,2024-08-10 17:56:44,0,,https://www.paypal.com/pl/oDszApYOzoX
392,986,2024-10-24 20:29:56,0,,https://www.paypal.com/pl/BFroOvlsKdK
393,653,2024-11-21 22:01:55,0,,https://www.paypal.com/pl/krNIzquovtI
394,703,2024-11-26 01:14:40,0,,https://www.paypal.com/pl/tryJFofHYrL
395,899,2024-10-12 18:41:24,0,,https://www.paypal.com/pl/UQNjlsmgeiC
396,416,2024-11-15 13:30:54,0,,https://www.paypal.com/pl/APYZFaXRzER
397,695,2024-11-21 09:22:17,0,,https://www.paypal.com/pl/XeWzXmZsvhJ
398,998,2024-11-07 13:36:25,0,,https://www.paypal.com/pl/QjQdhYhCjfH
399,818,2023-09-06 06:51:30,0,,https://www.paypal.com/pl/jQVwdRZiGvM
400,847,2023-09-03 06:36:40,0,,https://www.paypal.com/pl/OuGGprpqrRM
401,884,2023-08-17 02:51:25,0,,https://www.paypal.com/pl/CpUuPMTZmWb
402,823,2023-10-05 08:52:21,0,,https://www.paypal.com/pl/nxbPVlWlqTF
403,378,2023-12-03 23:08:57,0,,https://www.paypal.com/pl/KZmguzKbwqi
404,783,2023-12-09 15:43:39,0,,https://www.paypal.com/pl/IQzZSufpwJN
405,883,2023-10-24 20:48:19,0,,https://www.paypal.com/pl/sEWFmqLlrob
406,1049,2023-10-12 17:40:59,0,,https://www.paypal.com/pl/ZNXFyhMXRem
407,1097,2023-12-27 10:20:49,0,,https://www.paypal.com/pl/IxYqsNcpILH
408,1012,2023-11-30 12:06:08,0,,https://www.paypal.com/pl/oKZwqtroWUq
409,746,2023-11-24 11:06:11,0,,https://www.paypal.com/pl/pkAtjhacqok
410,894,2024-04-01 03:53:47,0,,https://www.paypal.com/pl/kLOFZUMJmqD
411,418,2024-02-06 06:28:19,0,,https://www.paypal.com/pl/MuFhPRItZLl
412,820,2024-02-17 07:12:42,0,,https://www.paypal.com/pl/tWHVaOdapeK
413,599,2024-02-15 00:07:13,0,,https://www.paypal.com/pl/aUmOieAxhiP
414,831,2024-03-05 14:37:54,0,,https://www.paypal.com/pl/GuuAkQDCuQq
415,864,2024-05-19 20:42:19,0,,https://www.paypal.com/pl/LrwHDfMigcy
416,426,2024-08-07 21:43:52,0,,https://www.paypal.com/pl/XrvhudpIuhJ
417,556,2024-09-27 20:34:16,0,,https://www.paypal.com/pl/hSkCdhpISWr
418,754,2024-10-01 08:46:34,0,,https://www.paypal.com/pl/KggeeQrxzAU
419,762,2024-10-10 08:13:56,0,,https://www.paypal.com/pl/wQWECMtmgoG
420,812,2024-08-19 10:35:09,0,,https://www.paypal.com/pl/qlcLIOGvUDQ
421,1017,2024-09-13 00:06:40,0,,https://www.paypal.com/pl/kgAhCaHAsul
422,409,2024-11-30 15:03:31,0,,https://www.paypal.com/pl/UKAqwnTVhrM
423,271,2024-10-06 06:03:31,0,,https://www.paypal.com/pl/fHQdqClEnte
424,459,2024-09-30 04:22:29,0,,https://www.paypal.com/pl/PSXjTopCWxa
425,546,2024-08-21 10:29:43,0,,https://www.paypal.com/pl/XlmdVdeWwyu
426,861,2024-10-01 09:12:09,0,,https://www.paypal.com/pl/PzbUJtWyugt
427,869,2024-08-17 19:40:33,0,,https://www.paypal.com/pl/NxxyzlSSPkJ
428,428,2024-11-19 07:27:34,0,,https://www.paypal.com/pl/UsvEnpgqOVR
429,906,2024-09-28 02:15:40,0,,https://www.paypal.com/pl/BZtwyerlAxv
430,955,2024-11-09 15:41:04,0,,https://www.paypal.com/pl/NPLiQpSxBZs
431,282,2020-09-03 08:41:40,0,,https://www.paypal.com/pl/vYmJawaoQuA
432,624,2020-09-07 14:06:00,0,,https://www.paypal.com/pl/GvKlUmPPmij
433,639,2020-07-31 06:11:40,0,,https://www.paypal.com/pl/JnjdgeabjDm
434,640,2020-10-26 07:13:08,0,,https://www.paypal.com/pl/zNkJSsuTWWe
435,276,2020-09-17 06:01:01,0,,https://www.paypal.com/pl/yLVdVAmNjKM
436,515,2020-10-19 12:22:56,0,,https://www.paypal.com/pl/rEYZwOJTClq
437,520,2020-12-22 13:16:50,0,,https://www.paypal.com/pl/XobYyYlaFna
438,549,2021-03-12 00:50:06,0,,https://www.paypal.com/pl/gTtHNYCNQEY
439,551,2021-02-18 17:37:41,0,,https://www.paypal.com/pl/cgnuQVSQMGD
440,397,2021-05-05 01:27:06,0,,https://www.paypal.com/pl/dLTRlZbObwX
441,493,2021-05-02 20:01:45,0,,https://www.paypal.com/pl/PVttTCyIsLn
442,275,2021-03-13 08:28:59,0,,https://www.paypal.com/pl/vFytfLqUalc
443,332,2021-02-04 12:58:25,0,,https://www.paypal.com/pl/QBHVuBRkljI
444,638,2021-03-20 06:57:42,0,,https://www.paypal.com/pl/xiFrXryQkvH
445,339,2021-06-03 12:33:18,0,,https://www.paypal.com/pl/UEhDMHApPWG
446,576,2021-04-03 00:46:47,0,,https://www.paypal.com/pl/KXhyOxAQDRW
447,331,2021-08-23 15:43:55,0,,https://www.paypal.com/pl/jkoKOQSWeaX
448,592,2021-09-21 19:19:41,0,,https://www.paypal.com/pl/FjgFGBiuCFB
449,255,2021-11-19 08:24:59,0,,https://www.paypal.com/pl/nLWXWwvOYPc
450,377,2021-11-22 05:02:59,0,,https://www.paypal.com/pl/WzQBDDRSuGO
451,244,2021-11-19 08:37:44,0,,https://www.paypal.com/pl/YsOLKcGrQPl
452,557,2021-11-24 15:43:28,0,,https://www.paypal.com/pl/tFeEKBJIUKE
453,481,2021-11-02 00:36:03,0,,https://www.paypal.com/pl/hKIrYiYVxCp
454,510,2021-10-14 14:35:35,0,,https://www.paypal.com/pl/DITdGgoYuUW
455,645,2021-11-16 02:55:58,0,,https://www.paypal.com/pl/gBgzNoTUBAA
456,280,2022-01-02 04:36:33,0,,https://www.paypal.com/pl/GwKexjLVnOe
457,309,2021-12-31 03:52:33,0,,https://www.paypal.com/pl/GJtUAvsrjlo
458,548,2021-12-25 09:23:11,0,,https://www.paypal.com/pl/qurqiwJxvkM
459,424,2022-02-18 05:18:53,0,,https://www.paypal.com/pl/jfuMxiojkef
460,243,2022-04-21 17:59:04,0,,https://www.paypal.com/pl/xMBPosUHqTY
461,253,2022-01-11 02:25:12,0,,https://www.paypal.com/pl/PYzBnPCNFEe
462,562,2022-05-17 06:41:22,0,,https://www.paypal.com/pl/wOCEkVpHZdg
463,413,2022-01-01 02:12:02,0,,https://www.paypal.com/pl/xoNoyhUfYTE
464,303,2022-04-01 00:31:05,0,,https://www.paypal.com/pl/JltZzWYGajP
465,411,2022-02-20 08:03:22,0,,https://www.paypal.com/pl/EsiDVyAqOcX
466,431,2022-02-12 22:17:52,0,,https://www.paypal.com/pl/uUyAoHwDccP
467,439,2021-12-12 13:00:15,0,,https://www.paypal.com/pl/wlvnszzAuWz
468,290,2022-04-26 00:12:20,0,,https://www.paypal.com/pl/maGtOluHKHp
469,382,2022-10-17 10:26:19,0,,https://www.paypal.com/pl/jFAINenIRnU
470,590,2022-09-22 15:15:10,0,,https://www.paypal.com/pl/QwjwEZlAGUY
471,297,2023-01-03 04:17:01,0,,https://www.paypal.com/pl/GrNqXvbuMdM
472,313,2022-09-24 22:10:14,0,,https://www.paypal.com/pl/vtTEDHmifLV
473,503,2022-11-05 13:40:48,0,,https://www.paypal.com/pl/YvfvweJUAqp
474,618,2022-10-06 23:44:13,0,,https://www.paypal.com/pl/ybrbaqynQnL
475,574,2023-01-05 05:14:34,0,,https://www.paypal.com/pl/GRGCdAbAwJu
476,434,2023-01-23 13:39:03,0,,https://www.paypal.com/pl/eZHZWfBHbKM
477,491,2023-03-30 14:35:30,0,,https://www.paypal.com/pl/pvNHWtTEOqP
478,508,2023-03-21 12:25:22,0,,https://www.paypal.com/pl/xSTVrQBbTeA
479,568,2023-05-14 07:37:34,0,,https://www.paypal.com/pl/RQoahtXsbwn
480,616,2023-06-16 20:20:39,0,,https://www.paypal.com/pl/tjZaeSIFEjJ
481,434,2023-05-28 16:42:24,0,,https://www.paypal.com/pl/kgetJIEGScr
482,460,2020-07-04 20:33:23,0,,https://www.paypal.com/pl/OLDKTZWBIzE
483,680,2020-09-04 10:05:44,0,,https://www.paypal.com/pl/KQYkzynYkMl
484,608,2020-10-25 10:00:41,0,,https://www.paypal.com/pl/fOPXobBfZiP
485,326,2020-10-15 10:06:40,0,,https://www.paypal.com/pl/DXACCyTMVri
486,343,2020-11-14 19:07:26,0,,https://www.paypal.com/pl/nVGefaTehcQ
487,404,2020-10-13 15:50:55,0,,https://www.paypal.com/pl/hiLAmfrcxPy
488,441,2020-11-10 04:58:38,0,,https://www.paypal.com/pl/dlxEMlBNItB
489,683,2020-11-15 06:51:49,0,,https://www.paypal.com/pl/NeZThBLpCDB
490,648,2020-09-29 03:02:02,0,,https://www.paypal.com/pl/fybDwVhdUdB
491,646,2020-09-20 00:24:17,0,,https://www.paypal.com/pl/bnLfJoBlpyX
492,289,2020-12-21 14:40:05,0,,https://www.paypal.com/pl/xYdzJMICmlH
493,497,2021-02-23 06:39:57,0,,https://www.paypal.com/pl/nfmZyOWxkqQ
494,622,2021-02-10 11:03:05,0,,https://www.paypal.com/pl/oQnmlRdxztZ
495,606,2021-02-04 17:43:12,0,,https://www.paypal.com/pl/pAJwATIOgFq
496,681,2021-05-14 05:57:42,0,,https://www.paypal.com/pl/wFskGoAHiOr
497,291,2021-02-04 10:30:41,0,,https://www.paypal.com/pl/xIURVUGBzbb
498,521,2021-04-08 19:44:16,0,,https://www.paypal.com/pl/KozIpQSaCJP
499,674,2021-04-14 23:58:08,0,,https://www.paypal.com/pl/IbVXMjSTmsa
500,371,2021-01-28 23:39:24,0,,https://www.paypal.com/pl/emazOGZkWDk
501,696,2021-04-17 21:22:02,0,,https://www.paypal.com/pl/YAKuOlqaoPb
502,690,2021-12-05 19:28:45,0,,https://www.paypal.com/pl/QdQgVkPvpCh
503,351,2021-11-05 08:24:33,0,,https://www.paypal.com/pl/legmnjgsuYI
504,417,2021-11-08 21:10:00,0,,https://www.paypal.com/pl/xxBUmYpseEV
505,597,2021-09-28 11:29:10,0,,https://www.paypal.com/pl/uepopTeeNCO
506,702,2021-11-06 22:05:02,0,,https://www.paypal.com/pl/gKVfuluwQZV
507,448,2022-03-27 05:49:31,0,,https://www.paypal.com/pl/acShQNZseXS
508,463,2022-03-01 02:34:04,0,,https://www.paypal.com/pl/xuZsQHJjcFs
509,659,2022-03-28 08:40:53,0,,https://www.paypal.com/pl/DHJFuhjvVaK
510,706,2022-04-16 18:33:32,0,,https://www.paypal.com/pl/OThtuYBslUK
511,496,2022-11-07 03:21:21,0,,https://www.paypal.com/pl/ItaNNsyBMKL
512,441,2022-08-07 13:44:43,0,,https://www.paypal.com/pl/RKdjhbTzfmB
513,441,2022-12-10 07:05:28,0,,https://www.paypal.com/pl/SqcnmtCliSG
514,497,2022-12-01 08:05:27,0,,https://www.paypal.com/pl/tNgqBJLvdJJ
515,291,2022-07-31 04:25:17,0,,https://www.paypal.com/pl/QFpWnuZGEHs
516,606,2022-10-15 08:05:09,0,,https://www.paypal.com/pl/ezDRAooWSfa
517,659,2022-11-03 08:32:18,0,,https://www.paypal.com/pl/ONtNSkexEQO
518,683,2022-10-06 19:06:07,0,,https://www.paypal.com/pl/aZoaJEaObpp
519,690,2022-10-01 21:02:08,0,,https://www.paypal.com/pl/ktcsnOeVWjv
520,289,2023-02-05 18:03:22,0,,https://www.paypal.com/pl/KjiAtcIJILh
521,58,2023-08-06 13:39:08,0,,https://www.paypal.com/pl/mkqXVqJANMT
522,229,2023-07-15 03:34:20,0,,https://www.paypal.com/pl/ayCJJAgVpcs
523,86,2023-10-22 19:30:39,0,,https://www.paypal.com/pl/VclHoZJUSNF
524,217,2023-12-15 10:34:07,0,,https://www.paypal.com/pl/VFjLzYKaUBP
525,68,2023-08-21 16:42:35,0,,https://www.paypal.com/pl/KhICLpAcUSU
526,195,2023-08-25 15:54:56,0,,https://www.paypal.com/pl/wnSTlvRHiUw
527,43,2023-10-26 12:12:16,0,,https://www.paypal.com/pl/GzMDYBpQUbM
528,125,2023-11-01 23:42:49,0,,https://www.paypal.com/pl/QalBywxGIFe
529,173,2023-09-20 18:16:16,0,,https://www.paypal.com/pl/QbAyyFLdSwJ
530,230,2023-11-30 06:03:45,0,,https://www.paypal.com/pl/mbIPHvazbSN
531,242,2023-12-29 19:38:53,0,,https://www.paypal.com/pl/TEtVbgwlzHq
532,16,2023-11-17 06:42:11,0,,https://www.paypal.com/pl/JEsrgBSSFvp
533,162,2023-09-08 06:33:03,0,,https://www.paypal.com/pl/ncVdZlPpHuN
534,237,2024-01-21 09:30:38,0,,https://www.paypal.com/pl/tFTwyPEYzzA
535,59,2024-03-01 19:43:32,0,,https://www.paypal.com/pl/nAgodKRtpTA
536,30,2024-04-23 16:12:11,0,,https://www.paypal.com/pl/iSxziyFVxKs
537,141,2024-02-12 12:45:45,0,,https://www.paypal.com/pl/lGlSbNxGfHy
538,187,2023-12-03 14:22:01,0,,https://www.paypal.com/pl/toHwLNRoucv
539,23,2024-03-01 18:39:49,0,,https://www.paypal.com/pl/YzZoKxBTObs
540,46,2024-05-24 21:15:36,0,,https://www.paypal.com/pl/zcdVOuMlPLM
541,106,2024-04-15 04:43:13,0,,https://www.paypal.com/pl/woqyCgwueLW
542,101,2024-01-31 08:56:42,0,,https://www.paypal.com/pl/MXvnzuxFwbV
543,127,2024-01-31 23:42:53,0,,https://www.paypal.com/pl/XCrHjXiyZuU
544,225,2024-02-23 07:12:55,0,,https://www.paypal.com/pl/yuPiLTAVRGP
545,57,2024-03-01 07:52:31,0,,https://www.paypal.com/pl/FiJqzuPKGFV
546,155,2024-03-09 04:03:23,0,,https://www.paypal.com/pl/cZIhZDDPlrf
547,77,2024-01-01 01:06:41,0,,https://www.paypal.com/pl/FDblifxkPDm
548,83,2024-02-22 12:13:35,0,,https://www.paypal.com/pl/rhRoMRAUaDm
549,25,2024-03-10 11:44:43,0,,https://www.paypal.com/pl/AoKYtaxjchK
550,79,2024-01-30 07:20:12,0,,https://www.paypal.com/pl/BDUdNUcXGhR
551,141,2024-09-09 14:38:52,0,,https://www.paypal.com/pl/qHilGggcipx
552,68,2024-11-04 18:47:32,0,,https://www.paypal.com/pl/JgSMepvOvJp
553,187,2024-10-12 15:50:10,0,,https://www.paypal.com/pl/qhbLPMfhikr
554,59,2024-07-19 06:38:22,0,,https://www.paypal.com/pl/nQcLlgjaqIq
555,46,2024-11-09 00:56:04,0,,https://www.paypal.com/pl/lDKhxipMAta
556,125,2024-10-21 16:06:24,0,,https://www.paypal.com/pl/mGSXAVtQLCs
557,23,2024-08-19 18:59:31,0,,https://www.paypal.com/pl/bCwaAXQtdYQ
558,229,2024-08-25 15:37:53,0,,https://www.paypal.com/pl/dOduIPgFmrM
559,57,2024-10-28 21:34:00,0,,https://www.paypal.com/pl/kOSmtOmOoHb
560,155,2024-08-16 15:59:36,0,,https://www.paypal.com/pl/iwrcNRKxehu
561,43,2024-09-21 01:16:08,0,,https://www.paypal.com/pl/McQVmHkepgH
562,16,2024-08-10 01:32:54,0,,https://www.paypal.com/pl/zCVqChdcsoH
563,173,2024-08-22 00:49:02,0,,https://www.paypal.com/pl/KOaBdoIZmaO
564,77,2024-08-01 14:16:50,0,,https://www.paypal.com/pl/Tbnoqxmadqz
565,122,2024-09-09 01:00:02,0,,https://www.paypal.com/pl/icIxHmjdUoR
566,213,2024-08-02 14:15:19,0,,https://www.paypal.com/pl/nZSXjRKjgVC
567,156,2024-08-09 07:12:23,0,,https://www.paypal.com/pl/FVUwsJhGqTA
568,164,2024-09-24 16:50:42,0,,https://www.paypal.com/pl/HMkyoybdFwD
569,251,2024-10-18 00:51:52,0,,https://www.paypal.com/pl/fEQayDgZOuX
570,53,2024-09-23 15:18:16,0,,https://www.paypal.com/pl/AqFHboIBnti
571,286,2024-10-06 14:43:08,0,,https://www.paypal.com/pl/KSTNofOYJSc
572,174,2024-11-09 03:13:59,0,,https://www.paypal.com/pl/OZzTbfaNePz
573,43,2021-10-02 19:42:08,0,,https://www.paypal.com/pl/QKzZzZzkszZz
574,46,2022-11-29 17:42:08,0,,https://www.paypal.com/pl/UKzZkZzZzXz
575,31,2024-10-11 11:32:08,0,,https://www.paypal.com/pl/UKzZzZxxzXz
576,36,2024-10-11 12:22:11,0,,https://www.paypal.com/pl/UwkZzZzZzXz
577,37,2024-10-11 12:48:11,0,,https://www.paypal.com/pl/UKzwjZzZzXz
578,57, 2024-12-11 12:48:11,0,,https://www.paypal.com/pl/UKzAUczZzXz
579,774,2024-12-03 19:11:11,0,,https://www.paypal.com/pl/UKzAUczHzXz
580,794,2024-12-31 19:40:11,0,,https://www.paypal.com/pl/UKzAUisHzXz
581,838,2024-11-03 00:11:11,0,,https://www.paypal.com/pl/UKzAUczHzXz
582,937,2024-12-01 21:11:22,0,,https://www.paypal.com/pl/UozAUczHzXz
583,1084,2024-11-01 03:11:00,0,,https://www.paypal.com/pl/UKzoUczHzXz